{"v":"5.5.10","fr":60,"ip":0,"op":412,"w":1000,"h":1000,"nm":"Dot Cluster Loader_MAIN","ddd":0,"assets":[{"id":"comp_0","layers":[{"ddd":0,"ind":1,"ty":3,"nm":"Null - Rotation","sr":1,"ks":{"o":{"a":0,"k":0,"ix":11},"r":{"a":0,"k":-344,"ix":10},"p":{"a":0,"k":[500,500,0],"ix":2},"a":{"a":0,"k":[0,0,0],"ix":1},"s":{"a":0,"k":[100,100,100],"ix":6}},"ao":0,"ip":0,"op":103,"st":0,"bm":0},{"ddd":0,"ind":2,"ty":4,"nm":"Color_03","parent":3,"sr":1,"ks":{"o":{"a":0,"k":100,"ix":11},"r":{"a":0,"k":0,"ix":10},"p":{"s":true,"x":{"a":0,"k":0,"ix":3},"y":{"a":0,"k":0,"ix":4}},"a":{"a":0,"k":[0,0,0],"ix":1},"s":{"a":0,"k":[100,100,100],"ix":6}},"ao":0,"shapes":[{"ty":"gr","it":[{"d":1,"ty":"el","s":{"a":0,"k":[100,100],"ix":2},"p":{"a":0,"k":[0,0],"ix":3},"nm":"Ellipse Path 1","mn":"ADBE Vector Shape - Ellipse","hd":false},{"ty":"fl","c":{"a":0,"k":[0.17254901960784313,0.24313725490196078,0.3137254901960784,1],"ix":4},"o":{"a":0,"k":100,"ix":5},"r":1,"bm":0,"nm":"Fill 1","mn":"ADBE Vector Graphic - Fill","hd":false},{"ty":"tr","p":{"a":0,"k":[0,0],"ix":2},"a":{"a":0,"k":[0,0],"ix":1},"s":{"a":0,"k":[100,100],"ix":3},"r":{"a":0,"k":0,"ix":6},"o":{"a":0,"k":100,"ix":7},"sk":{"a":0,"k":0,"ix":4},"sa":{"a":0,"k":0,"ix":5},"nm":"Transform"}],"nm":"Ellipse 1","np":3,"cix":2,"bm":0,"ix":1,"mn":"ADBE Vector Group","hd":false}],"ip":75,"op":103,"st":-60,"bm":0},{"ddd":0,"ind":3,"ty":4,"nm":"Color_03 (parent)","parent":1,"sr":1,"ks":{"o":{"a":0,"k":100,"ix":11},"r":{"a":0,"k":0,"ix":10},"p":{"s":true,"x":{"a":1,"k":[{"i":{"x":[0.667],"y":[1]},"o":{"x":[0.333],"y":[0]},"t":-69.5,"s":[150]},{"i":{"x":[0.667],"y":[1]},"o":{"x":[0.333],"y":[0]},"t":-17.25,"s":[-150]},{"i":{"x":[0.667],"y":[1]},"o":{"x":[0.333],"y":[0]},"t":34,"s":[150]},{"i":{"x":[0.667],"y":[1]},"o":{"x":[0.333],"y":[0]},"t":85.75,"s":[-150]},{"t":137.5,"s":[150]}],"ix":3},"y":{"a":1,"k":[{"i":{"x":[0.667],"y":[1]},"o":{"x":[0.333],"y":[0]},"t":0,"s":[-68]},{"i":{"x":[0.667],"y":[1]},"o":{"x":[0.333],"y":[0]},"t":51.25,"s":[98]},{"t":103,"s":[-67.8]}],"ix":4}},"a":{"a":0,"k":[0,0,0],"ix":1},"s":{"a":1,"k":[{"i":{"x":[0.667,0.667,0.667],"y":[1,1,1]},"o":{"x":[0.288,0.288,0.288],"y":[0.567,0.567,0]},"t":-69.5,"s":[100,100,100]},{"i":{"x":[0.694,0.694,0.694],"y":[0.436,0.436,1]},"o":{"x":[0.333,0.333,0.333],"y":[0,0,0]},"t":-43.049,"s":[50,50,100]},{"i":{"x":[0.667,0.667,0.667],"y":[1,1,1]},"o":{"x":[0.342,0.342,0.342],"y":[0.634,0.634,0]},"t":-17.25,"s":[100,100,100]},{"i":{"x":[0.999,0.999,0.999],"y":[0.999,0.999,1]},"o":{"x":[0.333,0.333,0.333],"y":[0,0,0]},"t":8.701,"s":[150,150,100]},{"i":{"x":[0.667,0.667,0.667],"y":[1,1,1]},"o":{"x":[0.246,0.246,0.288],"y":[0.338,0.338,0]},"t":34,"s":[100,100,100]},{"i":{"x":[0.694,0.694,0.694],"y":[0.447,0.447,1]},"o":{"x":[0.333,0.333,0.333],"y":[0,0,0]},"t":60.451,"s":[50,50,100]},{"i":{"x":[0.667,0.667,0.667],"y":[1,1,1]},"o":{"x":[0.342,0.342,0.342],"y":[0.646,0.646,0]},"t":85.75,"s":[100,100,100]},{"i":{"x":[0.999,0.999,0.999],"y":[1,1,1]},"o":{"x":[0.333,0.333,0.333],"y":[0,0,0]},"t":112.201,"s":[150,150,100]},{"t":137.5,"s":[100,100,100]}],"ix":6}},"ao":0,"shapes":[{"ty":"gr","it":[{"d":1,"ty":"el","s":{"a":0,"k":[100,100],"ix":2},"p":{"a":0,"k":[0,0],"ix":3},"nm":"Ellipse Path 1","mn":"ADBE Vector Shape - Ellipse","hd":false},{"ty":"fl","c":{"a":0,"k":[0.17254901960784313,0.24313725490196078,0.3137254901960784,1],"ix":4},"o":{"a":0,"k":100,"ix":5},"r":1,"bm":0,"nm":"Fill 1","mn":"ADBE Vector Graphic - Fill","hd":false},{"ty":"tr","p":{"a":0,"k":[0,0],"ix":2},"a":{"a":0,"k":[0,0],"ix":1},"s":{"a":0,"k":[100,100],"ix":3},"r":{"a":0,"k":0,"ix":6},"o":{"a":0,"k":100,"ix":7},"sk":{"a":0,"k":0,"ix":4},"sa":{"a":0,"k":0,"ix":5},"nm":"Transform"}],"nm":"Ellipse 1","np":3,"cix":2,"bm":0,"ix":1,"mn":"ADBE Vector Group","hd":false}],"ip":0,"op":30,"st":-60,"bm":0},{"ddd":0,"ind":4,"ty":4,"nm":"Color_02 (parent)","parent":1,"sr":1,"ks":{"o":{"a":0,"k":100,"ix":11},"r":{"a":0,"k":0,"ix":10},"p":{"s":true,"x":{"a":1,"k":[{"i":{"x":[0.667],"y":[1]},"o":{"x":[0.333],"y":[0]},"t":-35,"s":[150]},{"i":{"x":[0.667],"y":[1]},"o":{"x":[0.333],"y":[0]},"t":16.75,"s":[-150]},{"i":{"x":[0.667],"y":[1]},"o":{"x":[0.333],"y":[0]},"t":69,"s":[150]},{"t":120.25,"s":[-150]}],"ix":3},"y":{"a":1,"k":[{"i":{"x":[0.667],"y":[1]},"o":{"x":[0.333],"y":[0]},"t":0,"s":[113]},{"i":{"x":[0.667],"y":[1]},"o":{"x":[0.333],"y":[0]},"t":51.25,"s":[-113]},{"t":103,"s":[113]}],"ix":4}},"a":{"a":0,"k":[0,0,0],"ix":1},"s":{"a":1,"k":[{"i":{"x":[0.667,0.667,0.667],"y":[1,1,1]},"o":{"x":[0.288,0.288,0.288],"y":[0.578,0.578,0]},"t":-35,"s":[100,100,100]},{"i":{"x":[0.694,0.694,0.694],"y":[0.458,0.458,1]},"o":{"x":[0.333,0.333,0.333],"y":[0,0,0]},"t":-8.049,"s":[50,50,100]},{"i":{"x":[0.667,0.667,0.667],"y":[1,1,1]},"o":{"x":[0.342,0.342,0.342],"y":[0.646,0.646,0]},"t":16.75,"s":[100,100,100]},{"i":{"x":[0.999,0.999,0.999],"y":[0.999,0.999,1]},"o":{"x":[0.333,0.333,0.333],"y":[0,0,0]},"t":43.201,"s":[150,150,100]},{"i":{"x":[0.667,0.667,0.667],"y":[1,1,1]},"o":{"x":[0.246,0.246,0.288],"y":[0.331,0.331,0]},"t":69,"s":[100,100,100]},{"i":{"x":[0.694,0.694,0.694],"y":[0.447,0.447,1]},"o":{"x":[0.333,0.333,0.333],"y":[0,0,0]},"t":94.951,"s":[50,50,100]},{"t":120.25,"s":[100,100,100]}],"ix":6}},"ao":0,"shapes":[{"ty":"gr","it":[{"d":1,"ty":"el","s":{"a":0,"k":[100,100],"ix":2},"p":{"a":0,"k":[0,0],"ix":3},"nm":"Ellipse Path 1","mn":"ADBE Vector Shape - Ellipse","hd":false},{"ty":"fl","c":{"a":0,"k":[0.08627450980392157,0.6274509803921569,0.5215686274509804,1],"ix":4},"o":{"a":0,"k":100,"ix":5},"r":1,"bm":0,"nm":"Fill 1","mn":"ADBE Vector Graphic - Fill","hd":false},{"ty":"tr","p":{"a":0,"k":[0,0],"ix":2},"a":{"a":0,"k":[0,0],"ix":1},"s":{"a":0,"k":[100,100],"ix":3},"r":{"a":0,"k":0,"ix":6},"o":{"a":0,"k":100,"ix":7},"sk":{"a":0,"k":0,"ix":4},"sa":{"a":0,"k":0,"ix":5},"nm":"Transform"}],"nm":"Ellipse 1","np":3,"cix":2,"bm":0,"ix":1,"mn":"ADBE Vector Group","hd":false}],"ip":0,"op":69,"st":-30,"bm":0},{"ddd":0,"ind":5,"ty":4,"nm":"Color_01 (parent)_SHADOW","parent":6,"sr":1,"ks":{"o":{"a":0,"k":15,"ix":11},"r":{"a":0,"k":0,"ix":10},"p":{"s":true,"x":{"a":0,"k":0,"ix":3},"y":{"a":0,"k":0,"ix":4}},"a":{"a":0,"k":[0,0,0],"ix":1},"s":{"a":0,"k":[100,100,100],"ix":6}},"ao":0,"hasMask":true,"masksProperties":[{"inv":false,"mode":"a","pt":{"a":1,"k":[{"i":{"x":0.833,"y":0.833},"o":{"x":0.167,"y":0.167},"t":2.951,"s":[{"i":[[79.827,0],[0,-79.827],[-79.827,0],[0,79.827]],"o":[[-79.827,0],[0,79.827],[79.827,0],[0,-79.827]],"v":[[-178.386,622.552],[-322.925,767.091],[-178.386,911.63],[-33.847,767.091]],"c":true}]},{"i":{"x":0.833,"y":0.833},"o":{"x":0.167,"y":0.167},"t":4.098,"s":[{"i":[[79.827,0],[0,-79.827],[-79.827,0],[0,79.827]],"o":[[-79.827,0],[0,79.827],[79.827,0],[0,-79.827]],"v":[[-187.461,-142],[-332,2.539],[-187.461,147.078],[-42.922,2.539]],"c":true}]},{"i":{"x":0.833,"y":0.833},"o":{"x":0.167,"y":0.167},"t":13.299,"s":[{"i":[[79.827,0],[0,-79.827],[-79.827,0],[0,79.827]],"o":[[-79.827,0],[0,79.827],[79.827,0],[0,-79.827]],"v":[[-59.069,-144.986],[-203.608,-0.447],[-59.069,144.092],[85.47,-0.447]],"c":true}]},{"i":{"x":0.833,"y":0.833},"o":{"x":0.167,"y":0.167},"t":19.051,"s":[{"i":[[79.827,0],[0,-79.827],[-79.827,0],[0,79.827]],"o":[[-79.827,0],[0,79.827],[79.827,0],[0,-79.827]],"v":[[206.931,-178.843],[62.392,-34.304],[206.931,110.235],[351.47,-34.304]],"c":true}]},{"t":20.201171875,"s":[{"i":[[79.827,0],[0,-79.827],[-79.827,0],[0,79.827]],"o":[[-79.827,0],[0,79.827],[79.827,0],[0,-79.827]],"v":[[884.859,-316.09],[740.32,-171.551],[884.859,-27.012],[1029.398,-171.551]],"c":true}]}],"ix":1},"o":{"a":0,"k":100,"ix":3},"x":{"a":0,"k":0,"ix":4},"nm":"Mask 1"}],"shapes":[{"ty":"gr","it":[{"d":1,"ty":"el","s":{"a":0,"k":[100,100],"ix":2},"p":{"a":0,"k":[0,0],"ix":3},"nm":"Ellipse Path 1","mn":"ADBE Vector Shape - Ellipse","hd":false},{"ty":"fl","c":{"a":0,"k":[0,0,0,1],"ix":4},"o":{"a":0,"k":100,"ix":5},"r":1,"bm":0,"nm":"Fill 1","mn":"ADBE Vector Graphic - Fill","hd":false},{"ty":"tr","p":{"a":0,"k":[0,0],"ix":2},"a":{"a":0,"k":[0,0],"ix":1},"s":{"a":0,"k":[100,100],"ix":3},"r":{"a":0,"k":0,"ix":6},"o":{"a":0,"k":100,"ix":7},"sk":{"a":0,"k":0,"ix":4},"sa":{"a":0,"k":0,"ix":5},"nm":"Transform"}],"nm":"Ellipse 1","np":3,"cix":2,"bm":0,"ix":1,"mn":"ADBE Vector Group","hd":false}],"ip":0,"op":103,"st":0,"bm":0},{"ddd":0,"ind":6,"ty":4,"nm":"Color_01 (parent)","parent":1,"sr":1,"ks":{"o":{"a":0,"k":100,"ix":11},"r":{"a":0,"k":0,"ix":10},"p":{"s":true,"x":{"a":1,"k":[{"i":{"x":[0.667],"y":[1]},"o":{"x":[0.333],"y":[0]},"t":0,"s":[150]},{"i":{"x":[0.667],"y":[1]},"o":{"x":[0.333],"y":[0]},"t":51.25,"s":[-150]},{"t":103,"s":[150]}],"ix":3},"y":{"a":1,"k":[{"i":{"x":[0.667],"y":[1]},"o":{"x":[0.333],"y":[0]},"t":0,"s":[-22]},{"i":{"x":[0.667],"y":[1]},"o":{"x":[0.333],"y":[0]},"t":51.25,"s":[113]},{"t":103,"s":[-22]}],"ix":4}},"a":{"a":0,"k":[0,0,0],"ix":1},"s":{"a":1,"k":[{"i":{"x":[0.667,0.667,0.667],"y":[1,1,1]},"o":{"x":[0.288,0.288,0.288],"y":[0.556,0.556,0]},"t":0,"s":[100,100,100]},{"i":{"x":[0.694,0.694,0.694],"y":[0.447,0.447,1]},"o":{"x":[0.333,0.333,0.333],"y":[0,0,0]},"t":25.951,"s":[50,50,100]},{"i":{"x":[0.667,0.667,0.667],"y":[1,1,1]},"o":{"x":[0.342,0.342,0.342],"y":[0.646,0.646,0]},"t":51.25,"s":[100,100,100]},{"i":{"x":[0.999,0.999,0.999],"y":[0.999,0.999,1]},"o":{"x":[0.333,0.333,0.333],"y":[0,0,0]},"t":77.701,"s":[150,150,100]},{"t":103,"s":[100,100,100]}],"ix":6}},"ao":0,"shapes":[{"ty":"gr","it":[{"d":1,"ty":"el","s":{"a":0,"k":[100,100],"ix":2},"p":{"a":0,"k":[0,0],"ix":3},"nm":"Ellipse Path 1","mn":"ADBE Vector Shape - Ellipse","hd":false},{"ty":"fl","c":{"a":0,"k":[0.10196078431372549,0.7372549019607844,0.611764705882353,1],"ix":4},"o":{"a":0,"k":100,"ix":5},"r":1,"bm":0,"nm":"Fill 1","mn":"ADBE Vector Graphic - Fill","hd":false},{"ty":"tr","p":{"a":0,"k":[0,0],"ix":2},"a":{"a":0,"k":[0,0],"ix":1},"s":{"a":0,"k":[100,100],"ix":3},"r":{"a":0,"k":0,"ix":6},"o":{"a":0,"k":100,"ix":7},"sk":{"a":0,"k":0,"ix":4},"sa":{"a":0,"k":0,"ix":5},"nm":"Transform"}],"nm":"Ellipse 1","np":3,"cix":2,"bm":0,"ix":1,"mn":"ADBE Vector Group","hd":false}],"ip":0,"op":103,"st":0,"bm":0},{"ddd":0,"ind":7,"ty":4,"nm":"Color_03_SHADOW","parent":3,"sr":1,"ks":{"o":{"a":0,"k":15,"ix":11},"r":{"a":0,"k":0,"ix":10},"p":{"s":true,"x":{"a":0,"k":0,"ix":3},"y":{"a":0,"k":0,"ix":4}},"a":{"a":0,"k":[0,0,0],"ix":1},"s":{"a":0,"k":[100,100,100],"ix":6}},"ao":0,"hasMask":true,"masksProperties":[{"inv":false,"mode":"a","pt":{"a":1,"k":[{"i":{"x":0.833,"y":0.833},"o":{"x":0.167,"y":0.167},"t":32.85,"s":[{"i":[[79.827,0],[0,-79.827],[-79.827,0],[0,79.827]],"o":[[-79.827,0],[0,79.827],[79.827,0],[0,-79.827]],"v":[[-178.386,622.552],[-322.925,767.091],[-178.386,911.63],[-33.847,767.091]],"c":true}]},{"i":{"x":0.833,"y":0.833},"o":{"x":0.167,"y":0.167},"t":34,"s":[{"i":[[53.227,0],[0,-53.227],[-53.227,0],[0,53.227]],"o":[[-53.227,0],[0,53.227],[53.227,0],[0,-53.227]],"v":[[-153.422,-84.917],[-249.799,11.459],[-153.422,107.836],[-57.046,11.459]],"c":true}]},{"i":{"x":0.833,"y":0.833},"o":{"x":0.167,"y":0.167},"t":45.5,"s":[{"i":[[67.091,0],[0,-67.091],[-67.091,0],[0,67.091]],"o":[[-67.091,0],[0,67.091],[67.091,0],[0,-67.091]],"v":[[60.871,-189.034],[-60.607,-67.556],[60.871,53.923],[182.35,-67.556]],"c":true}]},{"t":52.400390625,"s":[{"i":[[67.091,0],[0,-67.091],[-67.091,0],[0,67.091]],"o":[[-67.091,0],[0,67.091],[67.091,0],[0,-67.091]],"v":[[165.637,-283.718],[44.158,-162.239],[165.637,-40.761],[287.116,-162.239]],"c":true}]}],"ix":1},"o":{"a":0,"k":100,"ix":3},"x":{"a":0,"k":0,"ix":4},"nm":"Mask 1"}],"shapes":[{"ty":"gr","it":[{"d":1,"ty":"el","s":{"a":0,"k":[100,100],"ix":2},"p":{"a":0,"k":[0,0],"ix":3},"nm":"Ellipse Path 1","mn":"ADBE Vector Shape - Ellipse","hd":false},{"ty":"fl","c":{"a":0,"k":[0,0,0,1],"ix":4},"o":{"a":0,"k":100,"ix":5},"r":1,"bm":0,"nm":"Fill 1","mn":"ADBE Vector Graphic - Fill","hd":false},{"ty":"tr","p":{"a":0,"k":[0,0],"ix":2},"a":{"a":0,"k":[0,0],"ix":1},"s":{"a":0,"k":[100,100],"ix":3},"r":{"a":0,"k":0,"ix":6},"o":{"a":0,"k":100,"ix":7},"sk":{"a":0,"k":0,"ix":4},"sa":{"a":0,"k":0,"ix":5},"nm":"Transform"}],"nm":"Ellipse 1","np":3,"cix":2,"bm":0,"ix":1,"mn":"ADBE Vector Group","hd":false}],"ip":30,"op":75,"st":-60,"bm":0},{"ddd":0,"ind":8,"ty":4,"nm":"Color_03","parent":3,"sr":1,"ks":{"o":{"a":0,"k":100,"ix":11},"r":{"a":0,"k":0,"ix":10},"p":{"s":true,"x":{"a":0,"k":0,"ix":3},"y":{"a":0,"k":0,"ix":4}},"a":{"a":0,"k":[0,0,0],"ix":1},"s":{"a":0,"k":[100,100,100],"ix":6}},"ao":0,"shapes":[{"ty":"gr","it":[{"d":1,"ty":"el","s":{"a":0,"k":[100,100],"ix":2},"p":{"a":0,"k":[0,0],"ix":3},"nm":"Ellipse Path 1","mn":"ADBE Vector Shape - Ellipse","hd":false},{"ty":"fl","c":{"a":0,"k":[0.17254901960784313,0.24313725490196078,0.3137254901960784,1],"ix":4},"o":{"a":0,"k":100,"ix":5},"r":1,"bm":0,"nm":"Fill 1","mn":"ADBE Vector Graphic - Fill","hd":false},{"ty":"tr","p":{"a":0,"k":[0,0],"ix":2},"a":{"a":0,"k":[0,0],"ix":1},"s":{"a":0,"k":[100,100],"ix":3},"r":{"a":0,"k":0,"ix":6},"o":{"a":0,"k":100,"ix":7},"sk":{"a":0,"k":0,"ix":4},"sa":{"a":0,"k":0,"ix":5},"nm":"Transform"}],"nm":"Ellipse 1","np":3,"cix":2,"bm":0,"ix":1,"mn":"ADBE Vector Group","hd":false}],"ip":30,"op":75,"st":-60,"bm":0},{"ddd":0,"ind":9,"ty":4,"nm":"Color_02_SHADOW","parent":4,"sr":1,"ks":{"o":{"a":0,"k":15,"ix":11},"r":{"a":0,"k":0,"ix":10},"p":{"s":true,"x":{"a":0,"k":0,"ix":3},"y":{"a":0,"k":0,"ix":4}},"a":{"a":0,"k":[0,0,0],"ix":1},"s":{"a":0,"k":[100,100,100],"ix":6}},"ao":0,"hasMask":true,"masksProperties":[{"inv":false,"mode":"a","pt":{"a":1,"k":[{"i":{"x":0.833,"y":0.833},"o":{"x":0.167,"y":0.167},"t":73.098,"s":[{"i":[[79.827,0],[0,-79.827],[-79.827,0],[0,79.827]],"o":[[-79.827,0],[0,79.827],[79.827,0],[0,-79.827]],"v":[[-178.386,622.552],[-322.925,767.091],[-178.386,911.63],[-33.847,767.091]],"c":true}]},{"i":{"x":0.833,"y":0.833},"o":{"x":0.167,"y":0.167},"t":74.25,"s":[{"i":[[79.827,0],[0,-79.827],[-79.827,0],[0,79.827]],"o":[[-79.827,0],[0,79.827],[79.827,0],[0,-79.827]],"v":[[-181.177,-8.828],[-325.716,135.711],[-181.177,280.25],[-36.638,135.711]],"c":true}]},{"i":{"x":0.833,"y":0.833},"o":{"x":0.167,"y":0.167},"t":83.449,"s":[{"i":[[79.827,0],[0,-79.827],[-79.827,0],[0,79.827]],"o":[[-79.827,0],[0,79.827],[79.827,0],[0,-79.827]],"v":[[-59.069,-144.986],[-203.608,-0.447],[-59.069,144.092],[85.47,-0.447]],"c":true}]},{"t":88.05078125,"s":[{"i":[[79.827,0],[0,-79.827],[-79.827,0],[0,79.827]],"o":[[-79.827,0],[0,79.827],[79.827,0],[0,-79.827]],"v":[[213.633,-139.197],[69.094,5.342],[213.633,149.881],[358.172,5.342]],"c":true}]}],"ix":1},"o":{"a":0,"k":100,"ix":3},"x":{"a":0,"k":0,"ix":4},"nm":"Mask 1"}],"shapes":[{"ty":"gr","it":[{"d":1,"ty":"el","s":{"a":0,"k":[100,100],"ix":2},"p":{"a":0,"k":[0,0],"ix":3},"nm":"Ellipse Path 1","mn":"ADBE Vector Shape - Ellipse","hd":false},{"ty":"fl","c":{"a":0,"k":[0,0,0,1],"ix":4},"o":{"a":0,"k":100,"ix":5},"r":1,"bm":0,"nm":"Fill 1","mn":"ADBE Vector Graphic - Fill","hd":false},{"ty":"tr","p":{"a":0,"k":[0,0],"ix":2},"a":{"a":0,"k":[0,0],"ix":1},"s":{"a":0,"k":[100,100],"ix":3},"r":{"a":0,"k":0,"ix":6},"o":{"a":0,"k":100,"ix":7},"sk":{"a":0,"k":0,"ix":4},"sa":{"a":0,"k":0,"ix":5},"nm":"Transform"}],"nm":"Ellipse 1","np":3,"cix":2,"bm":0,"ix":1,"mn":"ADBE Vector Group","hd":false}],"ip":69,"op":103,"st":-30,"bm":0},{"ddd":0,"ind":10,"ty":4,"nm":"Color_02","parent":4,"sr":1,"ks":{"o":{"a":0,"k":100,"ix":11},"r":{"a":0,"k":0,"ix":10},"p":{"s":true,"x":{"a":0,"k":0,"ix":3},"y":{"a":0,"k":0,"ix":4}},"a":{"a":0,"k":[0,0,0],"ix":1},"s":{"a":0,"k":[100,100,100],"ix":6}},"ao":0,"shapes":[{"ty":"gr","it":[{"d":1,"ty":"el","s":{"a":0,"k":[100,100],"ix":2},"p":{"a":0,"k":[0,0],"ix":3},"nm":"Ellipse Path 1","mn":"ADBE Vector Shape - Ellipse","hd":false},{"ty":"fl","c":{"a":0,"k":[0.08627450980392157,0.6274509803921569,0.5215686274509804,1],"ix":4},"o":{"a":0,"k":100,"ix":5},"r":1,"bm":0,"nm":"Fill 1","mn":"ADBE Vector Graphic - Fill","hd":false},{"ty":"tr","p":{"a":0,"k":[0,0],"ix":2},"a":{"a":0,"k":[0,0],"ix":1},"s":{"a":0,"k":[100,100],"ix":3},"r":{"a":0,"k":0,"ix":6},"o":{"a":0,"k":100,"ix":7},"sk":{"a":0,"k":0,"ix":4},"sa":{"a":0,"k":0,"ix":5},"nm":"Transform"}],"nm":"Ellipse 1","np":3,"cix":2,"bm":0,"ix":1,"mn":"ADBE Vector Group","hd":false}],"ip":69,"op":103,"st":-30,"bm":0}]}],"layers":[{"ddd":0,"ind":1,"ty":0,"nm":"Dots_PRECOMP","parent":4,"refId":"comp_0","sr":1,"ks":{"o":{"a":0,"k":100,"ix":11},"r":{"a":0,"k":0,"ix":10},"p":{"a":0,"k":[500,500,0],"ix":2},"a":{"a":0,"k":[500,500,0],"ix":1},"s":{"a":0,"k":[100,100,100],"ix":6}},"ao":0,"w":1000,"h":1000,"ip":309,"op":412,"st":309,"bm":0},{"ddd":0,"ind":2,"ty":0,"nm":"Dots_PRECOMP","parent":4,"refId":"comp_0","sr":1,"ks":{"o":{"a":0,"k":100,"ix":11},"r":{"a":0,"k":0,"ix":10},"p":{"a":0,"k":[500,500,0],"ix":2},"a":{"a":0,"k":[500,500,0],"ix":1},"s":{"a":0,"k":[100,100,100],"ix":6}},"ao":0,"w":1000,"h":1000,"ip":206,"op":309,"st":206,"bm":0},{"ddd":0,"ind":3,"ty":0,"nm":"Dots_PRECOMP","parent":4,"refId":"comp_0","sr":1,"ks":{"o":{"a":0,"k":100,"ix":11},"r":{"a":0,"k":0,"ix":10},"p":{"a":0,"k":[500,500,0],"ix":2},"a":{"a":0,"k":[500,500,0],"ix":1},"s":{"a":0,"k":[100,100,100],"ix":6}},"ao":0,"w":1000,"h":1000,"ip":103,"op":206,"st":103,"bm":0},{"ddd":0,"ind":4,"ty":0,"nm":"Dots_PRECOMP","refId":"comp_0","sr":1,"ks":{"o":{"a":0,"k":100,"ix":11},"r":{"a":1,"k":[{"i":{"x":[0.833],"y":[0.833]},"o":{"x":[0.167],"y":[0.167]},"t":0,"s":[0]},{"t":412,"s":[360]}],"ix":10},"p":{"a":0,"k":[500,500,0],"ix":2},"a":{"a":0,"k":[500,500,0],"ix":1},"s":{"a":0,"k":[100,100,100],"ix":6}},"ao":0,"w":1000,"h":1000,"ip":0,"op":103,"st":0,"bm":0},{"ddd":0,"ind":5,"ty":0,"nm":"Dots_PRECOMP","parent":9,"refId":"comp_0","sr":1,"ks":{"o":{"a":0,"k":100,"ix":11},"r":{"a":0,"k":0,"ix":10},"p":{"a":0,"k":[500,500,0],"ix":2},"a":{"a":0,"k":[500,500,0],"ix":1},"s":{"a":0,"k":[100,100,100],"ix":6}},"ao":0,"w":1000,"h":1000,"ip":362,"op":465,"st":362,"bm":0},{"ddd":0,"ind":6,"ty":0,"nm":"Dots_PRECOMP","parent":9,"refId":"comp_0","sr":1,"ks":{"o":{"a":0,"k":100,"ix":11},"r":{"a":0,"k":0,"ix":10},"p":{"a":0,"k":[500,500,0],"ix":2},"a":{"a":0,"k":[500,500,0],"ix":1},"s":{"a":0,"k":[100,100,100],"ix":6}},"ao":0,"w":1000,"h":1000,"ip":259,"op":362,"st":259,"bm":0},{"ddd":0,"ind":7,"ty":0,"nm":"Dots_PRECOMP","parent":9,"refId":"comp_0","sr":1,"ks":{"o":{"a":0,"k":100,"ix":11},"r":{"a":0,"k":0,"ix":10},"p":{"a":0,"k":[500,500,0],"ix":2},"a":{"a":0,"k":[500,500,0],"ix":1},"s":{"a":0,"k":[100,100,100],"ix":6}},"ao":0,"w":1000,"h":1000,"ip":156,"op":259,"st":156,"bm":0},{"ddd":0,"ind":8,"ty":0,"nm":"Dots_PRECOMP","parent":9,"refId":"comp_0","sr":1,"ks":{"o":{"a":0,"k":100,"ix":11},"r":{"a":0,"k":0,"ix":10},"p":{"a":0,"k":[500,500,0],"ix":2},"a":{"a":0,"k":[500,500,0],"ix":1},"s":{"a":0,"k":[100,100,100],"ix":6}},"ao":0,"w":1000,"h":1000,"ip":53,"op":156,"st":53,"bm":0},{"ddd":0,"ind":9,"ty":0,"nm":"Dots_PRECOMP","refId":"comp_0","sr":1,"ks":{"o":{"a":0,"k":100,"ix":11},"r":{"a":1,"k":[{"i":{"x":[0.833],"y":[0.833]},"o":{"x":[0.167],"y":[0.167]},"t":-1,"s":[501]},{"t":411,"s":[861]}],"ix":10},"p":{"a":1,"k":[{"i":{"x":0.667,"y":1},"o":{"x":0.333,"y":0},"t":0,"s":[564.873,638.191,0],"to":[-51.333,-23.333,0],"ti":[53.333,29.333,0]},{"i":{"x":0.667,"y":1},"o":{"x":0.333,"y":0},"t":203,"s":[448.873,578.191,0],"to":[-25.868,-14.227,0],"ti":[26.876,12.216,0]},{"t":411,"s":[564.873,638.191,0]}],"ix":2},"a":{"a":0,"k":[500,500,0],"ix":1},"s":{"a":0,"k":[45.595,45.595,100],"ix":6}},"ao":0,"w":1000,"h":1000,"ip":-50,"op":53,"st":-50,"bm":0},{"ddd":0,"ind":10,"ty":0,"nm":"Dots_PRECOMP","parent":13,"refId":"comp_0","sr":1,"ks":{"o":{"a":0,"k":100,"ix":11},"r":{"a":0,"k":0,"ix":10},"p":{"a":0,"k":[500,500,0],"ix":2},"a":{"a":0,"k":[500,500,0],"ix":1},"s":{"a":0,"k":[100,100,100],"ix":6}},"ao":0,"w":1000,"h":1000,"ip":309,"op":412,"st":309,"bm":0},{"ddd":0,"ind":11,"ty":0,"nm":"Dots_PRECOMP","parent":13,"refId":"comp_0","sr":1,"ks":{"o":{"a":0,"k":100,"ix":11},"r":{"a":0,"k":0,"ix":10},"p":{"a":0,"k":[500,500,0],"ix":2},"a":{"a":0,"k":[500,500,0],"ix":1},"s":{"a":0,"k":[100,100,100],"ix":6}},"ao":0,"w":1000,"h":1000,"ip":206,"op":309,"st":206,"bm":0},{"ddd":0,"ind":12,"ty":0,"nm":"Dots_PRECOMP","parent":13,"refId":"comp_0","sr":1,"ks":{"o":{"a":0,"k":100,"ix":11},"r":{"a":0,"k":0,"ix":10},"p":{"a":0,"k":[500,500,0],"ix":2},"a":{"a":0,"k":[500,500,0],"ix":1},"s":{"a":0,"k":[100,100,100],"ix":6}},"ao":0,"w":1000,"h":1000,"ip":103,"op":206,"st":103,"bm":0},{"ddd":0,"ind":13,"ty":0,"nm":"Dots_PRECOMP","refId":"comp_0","sr":1,"ks":{"o":{"a":0,"k":100,"ix":11},"r":{"a":1,"k":[{"i":{"x":[0.833],"y":[0.833]},"o":{"x":[0.167],"y":[0.167]},"t":0,"s":[226]},{"t":412,"s":[586]}],"ix":10},"p":{"a":0,"k":[530.031,419.501,0],"ix":2},"a":{"a":0,"k":[500,500,0],"ix":1},"s":{"a":0,"k":[63.521,63.521,100],"ix":6}},"ao":0,"w":1000,"h":1000,"ip":0,"op":103,"st":0,"bm":0}],"markers":[{"tm":30,"cm":"1","dr":0}]}