{"v":"5.4.4","fr":30,"ip":0,"op":67,"w":600,"h":600,"nm":"Comp 1","ddd":0,"assets":[],"layers":[{"ddd":0,"ind":1,"ty":4,"nm":"Shape Layer 4","td":1,"sr":1,"ks":{"o":{"a":0,"k":100,"ix":11},"r":{"a":0,"k":0,"ix":10},"p":{"a":0,"k":[300,300,0],"ix":2},"a":{"a":0,"k":[0,0,0],"ix":1},"s":{"a":0,"k":[100,100,100],"ix":6}},"ao":0,"shapes":[{"ty":"gr","it":[{"ind":0,"ty":"sh","ix":1,"ks":{"a":0,"k":{"i":[[93.4,0],[62.5,-83],[-5.1,-6.8],[-93.4,0],[-62.5,83],[5.1,6.8]],"o":[[-93.4,0],[-5.1,6.8],[62.5,83.1],[93.4,0],[5.1,-6.8],[-62.5,-83.1]],"v":[[0,-145.7],[-240.6,-11.6],[-240.6,11.5],[0,145.7],[240.6,11.6],[240.6,-11.5]],"c":true},"ix":2,"x":"var $bm_rt;\n$bm_rt = thisComp.layer('Shape Layer 1').content('Shape 1').content('Path 1').path;"},"nm":"Path 1","mn":"ADBE Vector Shape - Group","hd":false},{"ty":"st","c":{"a":0,"k":[1,0.270588205375,0.270588205375,1],"ix":3},"o":{"a":0,"k":100,"ix":4},"w":{"a":0,"k":0,"ix":5},"lc":1,"lj":1,"ml":4,"bm":0,"nm":"Stroke 1","mn":"ADBE Vector Graphic - Stroke","hd":false},{"ty":"fl","c":{"a":0,"k":[0.4980392156862745,0.5490196078431373,0.5529411764705883,1],"ix":4},"o":{"a":0,"k":100,"ix":5},"r":1,"bm":0,"nm":"Fill 1","mn":"ADBE Vector Graphic - Fill","hd":false},{"ty":"tr","p":{"a":0,"k":[0,0],"ix":2},"a":{"a":0,"k":[0,0],"ix":1},"s":{"a":0,"k":[100,100],"ix":3},"r":{"a":0,"k":0,"ix":6},"o":{"a":0,"k":100,"ix":7},"sk":{"a":0,"k":0,"ix":4},"sa":{"a":0,"k":0,"ix":5},"nm":"Transform"}],"nm":"Shape 1","np":3,"cix":2,"bm":0,"ix":1,"mn":"ADBE Vector Group","hd":false}],"ip":0,"op":67,"st":0,"bm":0},{"ddd":0,"ind":2,"ty":4,"nm":"Shape Layer 3","tt":1,"sr":1,"ks":{"o":{"a":0,"k":100,"ix":11},"r":{"a":0,"k":0,"ix":10},"p":{"a":1,"k":[{"i":{"x":0.667,"y":1},"o":{"x":0.333,"y":0},"t":8,"s":[300,300,0],"e":[272,300,0],"to":[-4.667,0,0],"ti":[4.667,0,0]},{"i":{"x":0.667,"y":0.667},"o":{"x":0.167,"y":0.167},"t":12,"s":[272,300,0],"e":[272,300,0],"to":[0,0,0],"ti":[0,0,0]},{"i":{"x":0.667,"y":1},"o":{"x":0.167,"y":0},"t":28,"s":[272,300,0],"e":[300,272,0],"to":[4.667,-4.667,0],"ti":[-4.667,4.667,0]},{"i":{"x":0.667,"y":0.667},"o":{"x":0.167,"y":0.167},"t":32,"s":[300,272,0],"e":[300,272,0],"to":[0,0,0],"ti":[0,0,0]},{"i":{"x":0.667,"y":1},"o":{"x":0.167,"y":0},"t":35,"s":[300,272,0],"e":[328,300,0],"to":[4.667,4.667,0],"ti":[-4.667,-4.667,0]},{"i":{"x":0.667,"y":0.667},"o":{"x":0.167,"y":0.167},"t":39,"s":[328,300,0],"e":[328,300,0],"to":[0,0,0],"ti":[0,0,0]},{"i":{"x":0.667,"y":1},"o":{"x":0.167,"y":0},"t":55,"s":[328,300,0],"e":[300,300,0],"to":[-4.667,0,0],"ti":[4.667,0,0]},{"t":59}],"ix":2},"a":{"a":0,"k":[0,0,0],"ix":1},"s":{"a":0,"k":[100,100,100],"ix":6}},"ao":0,"hasMask":true,"masksProperties":[{"inv":false,"mode":"f","pt":{"a":0,"k":{"i":[[27.5,-1.7],[-2.2,33.4],[-27.6,1.8],[2.2,-33.4]],"o":[[-33.4,2.1],[1.7,-27.6],[33.4,-2.1],[-1.8,27.7]],"v":[[4.1,55.7],[-54.7,-3.1],[-3,-54.8],[55.8,4]],"c":true},"ix":1},"o":{"a":0,"k":100,"ix":3},"x":{"a":0,"k":0,"ix":4},"nm":"Mask 2"}],"shapes":[{"ty":"gr","it":[{"ind":0,"ty":"sh","ix":1,"ks":{"a":0,"k":{"i":[[51.1,-3.3],[-3.9,62.1],[-51.2,3.2],[3.9,-62.1]],"o":[[-62,3.9],[3.2,-51.2],[62,-3.9],[-3.3,51.1]],"v":[[6.7,102.6],[-102.6,-6.7],[-6.7,-102.6],[102.6,6.7]],"c":true},"ix":2},"nm":"Path 1","mn":"ADBE Vector Shape - Group","hd":false},{"ty":"st","c":{"a":0,"k":[1,0.270588205375,0.270588205375,1],"ix":3},"o":{"a":0,"k":100,"ix":4},"w":{"a":0,"k":0,"ix":5},"lc":1,"lj":1,"ml":4,"bm":0,"nm":"Stroke 1","mn":"ADBE Vector Graphic - Stroke","hd":false},{"ty":"fl","c":{"a":0,"k":[0.4980392156862745,0.5490196078431373,0.5529411764705883,1],"ix":4},"o":{"a":0,"k":100,"ix":5},"r":1,"bm":0,"nm":"Fill 1","mn":"ADBE Vector Graphic - Fill","hd":false},{"ty":"tr","p":{"a":0,"k":[0,0],"ix":2},"a":{"a":0,"k":[0,0],"ix":1},"s":{"a":0,"k":[100,100],"ix":3},"r":{"a":0,"k":0,"ix":6},"o":{"a":0,"k":100,"ix":7},"sk":{"a":0,"k":0,"ix":4},"sa":{"a":0,"k":0,"ix":5},"nm":"Transform"}],"nm":"Shape 1","np":3,"cix":2,"bm":0,"ix":1,"mn":"ADBE Vector Group","hd":false}],"ip":0,"op":67,"st":0,"bm":0},{"ddd":0,"ind":3,"ty":4,"nm":"Shape Layer 2","td":1,"sr":1,"ks":{"o":{"a":0,"k":100,"ix":11},"r":{"a":0,"k":0,"ix":10},"p":{"a":1,"k":[{"i":{"x":0.667,"y":1},"o":{"x":0.333,"y":0},"t":8,"s":[300,300,0],"e":[286,300,0],"to":[-2.333,0,0],"ti":[2.333,0,0]},{"i":{"x":0.667,"y":0.667},"o":{"x":0.167,"y":0.167},"t":12,"s":[286,300,0],"e":[286,300,0],"to":[0,0,0],"ti":[0,0,0]},{"i":{"x":0.667,"y":1},"o":{"x":0.167,"y":0},"t":28,"s":[286,300,0],"e":[300,286,0],"to":[2.333,-2.333,0],"ti":[-2.333,2.333,0]},{"i":{"x":0.667,"y":0.667},"o":{"x":0.167,"y":0.167},"t":32,"s":[300,286,0],"e":[300,286,0],"to":[0,0,0],"ti":[0,0,0]},{"i":{"x":0.667,"y":1},"o":{"x":0.167,"y":0},"t":35,"s":[300,286,0],"e":[314,300,0],"to":[2.333,2.333,0],"ti":[-2.333,-2.333,0]},{"i":{"x":0.667,"y":0.667},"o":{"x":0.167,"y":0.167},"t":39,"s":[314,300,0],"e":[314,300,0],"to":[0,0,0],"ti":[0,0,0]},{"i":{"x":0.667,"y":1},"o":{"x":0.167,"y":0},"t":55,"s":[314,300,0],"e":[300,300,0],"to":[-2.333,0,0],"ti":[2.333,0,0]},{"t":59}],"ix":2},"a":{"a":0,"k":[0,0,0],"ix":1},"s":{"a":0,"k":[100,100,100],"ix":6}},"ao":0,"shapes":[{"ty":"gr","it":[{"ind":0,"ty":"sh","ix":1,"ks":{"a":0,"k":{"i":[[51.1,-3.3],[-3.9,62.1],[-51.2,3.2],[3.9,-62.1]],"o":[[-62,3.9],[3.2,-51.2],[62,-3.9],[-3.3,51.1]],"v":[[6.7,102.6],[-102.6,-6.7],[-6.7,-102.6],[102.6,6.7]],"c":true},"ix":2},"nm":"Path 1","mn":"ADBE Vector Shape - Group","hd":false},{"ty":"st","c":{"a":0,"k":[1,0.270588205375,0.270588205375,1],"ix":3},"o":{"a":0,"k":100,"ix":4},"w":{"a":0,"k":0,"ix":5},"lc":1,"lj":1,"ml":4,"bm":0,"nm":"Stroke 1","mn":"ADBE Vector Graphic - Stroke","hd":false},{"ty":"fl","c":{"a":0,"k":[1,0.454901960784,0.454901960784,1],"ix":4},"o":{"a":0,"k":100,"ix":5},"r":1,"bm":0,"nm":"Fill 1","mn":"ADBE Vector Graphic - Fill","hd":false},{"ty":"tr","p":{"a":0,"k":[0,0],"ix":2},"a":{"a":0,"k":[0,0],"ix":1},"s":{"a":0,"k":[100,100],"ix":3},"r":{"a":0,"k":0,"ix":6},"o":{"a":0,"k":100,"ix":7},"sk":{"a":0,"k":0,"ix":4},"sa":{"a":0,"k":0,"ix":5},"nm":"Transform"}],"nm":"Shape 1","np":3,"cix":2,"bm":0,"ix":1,"mn":"ADBE Vector Group","hd":false}],"ip":0,"op":67,"st":0,"bm":0},{"ddd":0,"ind":4,"ty":4,"nm":"Shape Layer 1","tt":2,"sr":1,"ks":{"o":{"a":0,"k":100,"ix":11},"r":{"a":0,"k":0,"ix":10},"p":{"a":0,"k":[300,300,0],"ix":2},"a":{"a":0,"k":[0,0,0],"ix":1},"s":{"a":0,"k":[100,100,100],"ix":6}},"ao":0,"shapes":[{"ty":"gr","it":[{"ind":0,"ty":"sh","ix":1,"ks":{"a":1,"k":[{"i":{"x":0.667,"y":1},"o":{"x":0.333,"y":0},"t":0,"s":[{"i":[[93.4,0],[62.5,-83],[-0.017,-4.102],[-2.533,-3.377],[-93.4,0],[-62.5,83],[-0.009,4.06],[2.559,3.412]],"o":[[-93.4,0],[-2.567,3.423],[0.017,4.048],[62.5,83.1],[93.4,0],[2.541,-3.388],[0.009,-4.09],[-62.5,-83.1]],"v":[[0,-145.7],[-240.6,-11.6],[-244.425,0.031],[-240.6,11.5],[0,145.7],[240.6,11.6],[244.425,0.094],[240.6,-11.5]],"c":true}],"e":[{"i":[[93.4,0],[76.575,92.6],[-0.017,-4.102],[-2.533,-3.377],[-93.4,0],[-62.5,83],[0.309,4.049],[2.543,-3.424]],"o":[[-93.4,0],[-2.567,3.423],[0.017,4.048],[62.5,83.1],[93.4,0],[2.541,-3.388],[0.013,0.062],[-58.587,78.875]],"v":[[0,105.738],[-240.575,5.15],[-244.425,0.031],[-240.6,5.25],[0,105.7],[240.6,9.1],[244.425,0.094],[240.587,9.125]],"c":true}]},{"i":{"x":0.667,"y":1},"o":{"x":0.333,"y":0},"t":4,"s":[{"i":[[93.4,0],[76.575,92.6],[-0.017,-4.102],[-2.533,-3.377],[-93.4,0],[-62.5,83],[0.309,4.049],[2.543,-3.424]],"o":[[-93.4,0],[-2.567,3.423],[0.017,4.048],[62.5,83.1],[93.4,0],[2.541,-3.388],[0.013,0.062],[-58.587,78.875]],"v":[[0,105.738],[-240.575,5.15],[-244.425,0.031],[-240.6,5.25],[0,105.7],[240.6,9.1],[244.425,0.094],[240.587,9.125]],"c":true}],"e":[{"i":[[93.4,0],[62.5,-83],[-0.017,-4.102],[-2.533,-3.377],[-93.4,0],[-62.5,83],[-0.009,4.06],[2.559,3.412]],"o":[[-93.4,0],[-2.567,3.423],[0.017,4.048],[62.5,83.1],[93.4,0],[2.541,-3.388],[0.009,-4.09],[-62.5,-83.1]],"v":[[0,-145.7],[-240.6,-11.6],[-244.425,0.031],[-240.6,11.5],[0,145.7],[240.6,11.6],[244.425,0.094],[240.6,-11.5]],"c":true}]},{"i":{"x":0.667,"y":1},"o":{"x":0.333,"y":0},"t":8,"s":[{"i":[[93.4,0],[62.5,-83],[-0.017,-4.102],[-2.533,-3.377],[-93.4,0],[-62.5,83],[-0.009,4.06],[2.559,3.412]],"o":[[-93.4,0],[-2.567,3.423],[0.017,4.048],[62.5,83.1],[93.4,0],[2.541,-3.388],[0.009,-4.09],[-62.5,-83.1]],"v":[[0,-145.7],[-240.6,-11.6],[-244.425,0.031],[-240.6,11.5],[0,145.7],[240.6,11.6],[244.425,0.094],[240.6,-11.5]],"c":true}],"e":[{"i":[[93.4,0],[62.5,-83],[-0.017,-4.102],[-2.533,-3.377],[-93.4,0],[-62.5,83],[-0.009,4.06],[2.559,3.412]],"o":[[-93.4,0],[-2.567,3.423],[0.017,4.048],[62.5,83.1],[93.4,0],[2.541,-3.388],[0.009,-4.09],[-62.5,-83.1]],"v":[[0,-145.7],[-240.6,-11.6],[-244.425,0.031],[-240.6,11.5],[0,145.7],[240.6,11.6],[244.425,0.094],[240.6,-11.5]],"c":true}]},{"i":{"x":0.667,"y":1},"o":{"x":0.333,"y":0},"t":20,"s":[{"i":[[93.4,0],[62.5,-83],[-0.017,-4.102],[-2.533,-3.377],[-93.4,0],[-62.5,83],[-0.009,4.06],[2.559,3.412]],"o":[[-93.4,0],[-2.567,3.423],[0.017,4.048],[62.5,83.1],[93.4,0],[2.541,-3.388],[0.009,-4.09],[-62.5,-83.1]],"v":[[0,-145.7],[-240.6,-11.6],[-244.425,0.031],[-240.6,11.5],[0,145.7],[240.6,11.6],[244.425,0.094],[240.6,-11.5]],"c":true}],"e":[{"i":[[93.4,0],[76.575,92.6],[-0.017,-4.102],[-2.533,-3.377],[-93.4,0],[-62.5,83],[0.309,4.049],[2.543,-3.424]],"o":[[-93.4,0],[-2.567,3.423],[0.017,4.048],[62.5,83.1],[93.4,0],[2.541,-3.388],[0.013,0.062],[-58.587,78.875]],"v":[[0,105.738],[-240.575,5.15],[-244.425,0.031],[-240.6,5.25],[0,105.7],[240.6,9.1],[244.425,0.094],[240.587,9.125]],"c":true}]},{"i":{"x":0.667,"y":1},"o":{"x":0.333,"y":0},"t":24,"s":[{"i":[[93.4,0],[76.575,92.6],[-0.017,-4.102],[-2.533,-3.377],[-93.4,0],[-62.5,83],[0.309,4.049],[2.543,-3.424]],"o":[[-93.4,0],[-2.567,3.423],[0.017,4.048],[62.5,83.1],[93.4,0],[2.541,-3.388],[0.013,0.062],[-58.587,78.875]],"v":[[0,105.738],[-240.575,5.15],[-244.425,0.031],[-240.6,5.25],[0,105.7],[240.6,9.1],[244.425,0.094],[240.587,9.125]],"c":true}],"e":[{"i":[[93.4,0],[62.5,-83],[-0.017,-4.102],[-2.533,-3.377],[-93.4,0],[-62.5,83],[-0.009,4.06],[2.559,3.412]],"o":[[-93.4,0],[-2.567,3.423],[0.017,4.048],[62.5,83.1],[93.4,0],[2.541,-3.388],[0.009,-4.09],[-62.5,-83.1]],"v":[[0,-145.7],[-240.6,-11.6],[-244.425,0.031],[-240.6,11.5],[0,145.7],[240.6,11.6],[244.425,0.094],[240.6,-11.5]],"c":true}]},{"i":{"x":0.667,"y":1},"o":{"x":0.333,"y":0},"t":28,"s":[{"i":[[93.4,0],[62.5,-83],[-0.017,-4.102],[-2.533,-3.377],[-93.4,0],[-62.5,83],[-0.009,4.06],[2.559,3.412]],"o":[[-93.4,0],[-2.567,3.423],[0.017,4.048],[62.5,83.1],[93.4,0],[2.541,-3.388],[0.009,-4.09],[-62.5,-83.1]],"v":[[0,-145.7],[-240.6,-11.6],[-244.425,0.031],[-240.6,11.5],[0,145.7],[240.6,11.6],[244.425,0.094],[240.6,-11.5]],"c":true}],"e":[{"i":[[93.4,0],[62.5,-83],[-0.017,-4.102],[-2.533,-3.377],[-93.4,0],[-62.5,83],[-0.009,4.06],[2.559,3.412]],"o":[[-93.4,0],[-2.567,3.423],[0.017,4.048],[62.5,83.1],[93.4,0],[2.541,-3.388],[0.009,-4.09],[-62.5,-83.1]],"v":[[0,-145.7],[-240.6,-11.6],[-244.425,0.031],[-240.6,11.5],[0,145.7],[240.6,11.6],[244.425,0.094],[240.6,-11.5]],"c":true}]},{"i":{"x":0.667,"y":1},"o":{"x":0.333,"y":0},"t":47,"s":[{"i":[[93.4,0],[62.5,-83],[-0.017,-4.102],[-2.533,-3.377],[-93.4,0],[-62.5,83],[-0.009,4.06],[2.559,3.412]],"o":[[-93.4,0],[-2.567,3.423],[0.017,4.048],[62.5,83.1],[93.4,0],[2.541,-3.388],[0.009,-4.09],[-62.5,-83.1]],"v":[[0,-145.7],[-240.6,-11.6],[-244.425,0.031],[-240.6,11.5],[0,145.7],[240.6,11.6],[244.425,0.094],[240.6,-11.5]],"c":true}],"e":[{"i":[[93.4,0],[76.575,92.6],[-0.017,-4.102],[-2.533,-3.377],[-93.4,0],[-62.5,83],[0.309,4.049],[2.543,-3.424]],"o":[[-93.4,0],[-2.567,3.423],[0.017,4.048],[62.5,83.1],[93.4,0],[2.541,-3.388],[0.013,0.062],[-58.587,78.875]],"v":[[0,105.738],[-240.575,5.15],[-244.425,0.031],[-240.6,5.25],[0,105.7],[240.6,9.1],[244.425,0.094],[240.587,9.125]],"c":true}]},{"i":{"x":0.667,"y":1},"o":{"x":0.333,"y":0},"t":51,"s":[{"i":[[93.4,0],[76.575,92.6],[-0.017,-4.102],[-2.533,-3.377],[-93.4,0],[-62.5,83],[0.309,4.049],[2.543,-3.424]],"o":[[-93.4,0],[-2.567,3.423],[0.017,4.048],[62.5,83.1],[93.4,0],[2.541,-3.388],[0.013,0.062],[-58.587,78.875]],"v":[[0,105.738],[-240.575,5.15],[-244.425,0.031],[-240.6,5.25],[0,105.7],[240.6,9.1],[244.425,0.094],[240.587,9.125]],"c":true}],"e":[{"i":[[93.4,0],[62.5,-83],[-0.017,-4.102],[-2.533,-3.377],[-93.4,0],[-62.5,83],[-0.009,4.06],[2.559,3.412]],"o":[[-93.4,0],[-2.567,3.423],[0.017,4.048],[62.5,83.1],[93.4,0],[2.541,-3.388],[0.009,-4.09],[-62.5,-83.1]],"v":[[0,-145.7],[-240.6,-11.6],[-244.425,0.031],[-240.6,11.5],[0,145.7],[240.6,11.6],[244.425,0.094],[240.6,-11.5]],"c":true}]},{"t":55}],"ix":2},"nm":"Path 1","mn":"ADBE Vector Shape - Group","hd":false},{"ty":"st","c":{"a":0,"k":[1,0.270588205375,0.270588205375,1],"ix":3},"o":{"a":0,"k":100,"ix":4},"w":{"a":0,"k":0,"ix":5},"lc":1,"lj":1,"ml":4,"bm":0,"nm":"Stroke 1","mn":"ADBE Vector Graphic - Stroke","hd":false},{"ty":"fl","c":{"a":0,"k":[0.4980392156862745,0.5490196078431373,0.5529411764705883,1],"ix":4},"o":{"a":0,"k":100,"ix":5},"r":1,"bm":0,"nm":"Fill 1","mn":"ADBE Vector Graphic - Fill","hd":false},{"ty":"tr","p":{"a":0,"k":[0,0],"ix":2},"a":{"a":0,"k":[0,0],"ix":1},"s":{"a":0,"k":[100,100],"ix":3},"r":{"a":0,"k":0,"ix":6},"o":{"a":0,"k":100,"ix":7},"sk":{"a":0,"k":0,"ix":4},"sa":{"a":0,"k":0,"ix":5},"nm":"Transform"}],"nm":"Shape 1","np":3,"cix":2,"bm":0,"ix":1,"mn":"ADBE Vector Group","hd":false}],"ip":0,"op":67,"st":0,"bm":0}],"markers":[]}