{
    "v": "5.7.8",
    "fr": 30,
    "ip": 0,
    "op": 23,
    "w": 70,
    "h": 70,
    "nm": "Shuffle 2",
    "ddd": 0,
    "assets": [],
    "layers": [
        {
            "ddd": 0,
            "ind": 1,
            "ty": 4,
            "nm": "Shuffle Icon Outlines",
            "sr": 1,
            "ks": {
                "o": {"a": 0, "k": 100, "ix": 11},
                "r": {"a": 0, "k": 0, "ix": 10},
                "p": {"a": 0, "k": [31.108, 20.815, 0], "ix": 2, "l": 2},
                "a": {"a": 0, "k": [21.757, 15.856, 0], "ix": 1, "l": 2},
                "s": {"a": 0, "k": [100, 100, 100], "ix": 6, "l": 2},
            },
            "ao": 0,
            "shapes": [
                {
                    "ty": "gr",
                    "it": [
                        {
                            "ind": 0,
                            "ty": "sh",
                            "ix": 1,
                            "ks": {
                                "a": 1,
                                "k": [
                                    {
                                        "i": {"x": 0.833, "y": 0.833},
                                        "o": {"x": 0.167, "y": 0.167},
                                        "t": 0,
                                        "s": [
                                            {
                                                "i": [[0, 0], [0, 0], [0, 0]],
                                                "o": [[0, 0], [0, 0], [0, 0]],
                                                "v": [
                                                    [-3.023, 3.49],
                                                    [3.023, 0],
                                                    [-3.023, -3.49],
                                                ],
                                                "c": true,
                                            }
                                        ],
                                    },
                                    {
                                        "i": {"x": 0.5, "y": 1},
                                        "o": {"x": 0.167, "y": 0.167},
                                        "t": 1.25,
                                        "s": [
                                            {
                                                "i": [[0, 0], [0, 0], [0, 0]],
                                                "o": [[0, 0], [0, 0], [0, 0]],
                                                "v": [
                                                    [-3.121, 3.665],
                                                    [3.421, -0.086],
                                                    [-3.121, -3.873],
                                                ],
                                                "c": true,
                                            }
                                        ],
                                    },
                                    {
                                        "t": 11.25,
                                        "s": [
                                            {
                                                "i": [[0, 0], [0, 0], [0, 0]],
                                                "o": [[0, 0], [0, 0], [0, 0]],
                                                "v": [
                                                    [-3.49, -14.061],
                                                    [5.787, -19.25],
                                                    [-3.49, -24.666],
                                                ],
                                                "c": true,
                                            }
                                        ],
                                    },
                                ],
                                "ix": 2,
                            },
                            "nm": "Path 1",
                            "mn": "ADBE Vector Shape - Group",
                            "hd": false,
                        },
                        {
                            "ty": "mm",
                            "mm": 4,
                            "nm": "Merge Paths 1",
                            "mn": "ADBE Vector Filter - Merge",
                            "hd": false,
                        },
                        {
                            "ty": "fl",
                            "c": {
                                "a": 1,
                                "k": [
                                    {
                                        "i": {"x": [0.833], "y": [0.833]},
                                        "o": {"x": [0.167], "y": [0.167]},
                                        "t": 0,
                                        "s": [
                                            0.728999956916,
                                            0.728999956916,
                                            0.728999956916,
                                            1,
                                        ],
                                    },
                                    {
                                        "t": 15,
                                        "s": [
                                            0.341176480055,
                                            0.709803938866,
                                            0.376470625401,
                                            1,
                                        ],
                                    },
                                ],
                                "ix": 4,
                            },
                            "o": {"a": 0, "k": 100, "ix": 5},
                            "r": 1,
                            "bm": 0,
                            "nm": "Fill 1",
                            "mn": "ADBE Vector Graphic - Fill",
                            "hd": false,
                        },
                        {
                            "ty": "tr",
                            "p": {"a": 0, "k": [37.599, 25.72], "ix": 2},
                            "a": {"a": 0, "k": [-2.642, 0.069], "ix": 1},
                            "s": {"a": 0, "k": [100, 100], "ix": 3},
                            "r": {"a": 0, "k": 0, "ix": 6},
                            "o": {"a": 0, "k": 100, "ix": 7},
                            "sk": {"a": 0, "k": 0, "ix": 4},
                            "sa": {"a": 0, "k": 0, "ix": 5},
                            "nm": "Transform",
                        },
                    ],
                    "nm": "Group 2",
                    "np": 3,
                    "cix": 2,
                    "bm": 0,
                    "ix": 1,
                    "mn": "ADBE Vector Group",
                    "hd": false,
                },
                {
                    "ty": "gr",
                    "it": [
                        {
                            "ind": 0,
                            "ty": "sh",
                            "ix": 1,
                            "ks": {
                                "a": 1,
                                "k": [
                                    {
                                        "i": {"x": 0.833, "y": 0.833},
                                        "o": {"x": 0.167, "y": 0.167},
                                        "t": 0,
                                        "s": [
                                            {
                                                "i": [[0, 0], [0, 0], [0, 0]],
                                                "o": [[0, 0], [0, 0], [0, 0]],
                                                "v": [
                                                    [-3.023, 3.49],
                                                    [3.023, -0.001],
                                                    [-3.023, -3.49],
                                                ],
                                                "c": true,
                                            }
                                        ],
                                    },
                                    {
                                        "i": {"x": 0.833, "y": 0.833},
                                        "o": {"x": 0.167, "y": 0.167},
                                        "t": 1.25,
                                        "s": [
                                            {
                                                "i": [[0, 0], [0, 0], [0, 0]],
                                                "o": [[0, 0], [0, 0], [0, 0]],
                                                "v": [
                                                    [-3.141, 4.252],
                                                    [3.411, 0.57],
                                                    [-3.141, -3.21],
                                                ],
                                                "c": true,
                                            }
                                        ],
                                    },
                                    {
                                        "i": {"x": 0.5, "y": 1},
                                        "o": {"x": 0.167, "y": 0.167},
                                        "t": 5,
                                        "s": [
                                            {
                                                "i": [[0, 0], [0, 0], [0, 0]],
                                                "o": [[0, 0], [0, 0], [0, 0]],
                                                "v": [
                                                    [-3.385, 13.623],
                                                    [4.736, 9.351],
                                                    [-3.385, 4.674],
                                                ],
                                                "c": true,
                                            }
                                        ],
                                    },
                                    {
                                        "t": 11.25,
                                        "s": [
                                            {
                                                "i": [[0, 0], [0, 0], [0, 0]],
                                                "o": [[0, 0], [0, 0], [0, 0]],
                                                "v": [
                                                    [-3.584, 24.69],
                                                    [5.756, 19.958],
                                                    [-3.584, 14.584],
                                                ],
                                                "c": true,
                                            }
                                        ],
                                    },
                                ],
                                "ix": 2,
                            },
                            "nm": "Path 1",
                            "mn": "ADBE Vector Shape - Group",
                            "hd": false,
                        },
                        {
                            "ty": "mm",
                            "mm": 4,
                            "nm": "Merge Paths 1",
                            "mn": "ADBE Vector Filter - Merge",
                            "hd": false,
                        },
                        {
                            "ty": "fl",
                            "c": {
                                "a": 1,
                                "k": [
                                    {
                                        "i": {"x": [0.833], "y": [0.833]},
                                        "o": {"x": [0.167], "y": [0.167]},
                                        "t": 0,
                                        "s": [
                                            0.728999956916,
                                            0.728999956916,
                                            0.728999956916,
                                            1,
                                        ],
                                    },
                                    {
                                        "t": 15,
                                        "s": [
                                            0.341176480055,
                                            0.709803938866,
                                            0.376470625401,
                                            1,
                                        ],
                                    },
                                ],
                                "ix": 4,
                            },
                            "o": {"a": 0, "k": 100, "ix": 5},
                            "r": 1,
                            "bm": 0,
                            "nm": "Fill 1",
                            "mn": "ADBE Vector Graphic - Fill",
                            "hd": false,
                        },
                        {
                            "ty": "tr",
                            "p": {"a": 0, "k": [37.51, 6.821], "ix": 2},
                            "a": {"a": 0, "k": [-2.731, 0.76], "ix": 1},
                            "s": {"a": 0, "k": [100, 100], "ix": 3},
                            "r": {"a": 0, "k": 0, "ix": 6},
                            "o": {"a": 0, "k": 100, "ix": 7},
                            "sk": {"a": 0, "k": 0, "ix": 4},
                            "sa": {"a": 0, "k": 0, "ix": 5},
                            "nm": "Transform",
                        },
                    ],
                    "nm": "Group 4",
                    "np": 3,
                    "cix": 2,
                    "bm": 0,
                    "ix": 2,
                    "mn": "ADBE Vector Group",
                    "hd": false,
                },
                {
                    "ty": "gr",
                    "it": [
                        {
                            "ind": 0,
                            "ty": "sh",
                            "ix": 1,
                            "ks": {
                                "a": 1,
                                "k": [
                                    {
                                        "i": {"x": 0.833, "y": 0.833},
                                        "o": {"x": 0.167, "y": 0.167},
                                        "t": 0,
                                        "s": [
                                            {
                                                "i": [[0, 0], [-4.296, 0]],
                                                "o": [[4.102, -3.571], [0, 0]],
                                                "v": [
                                                    [-7.07, -10.019],
                                                    [5.12, -16.606],
                                                ],
                                                "c": false,
                                            }
                                        ],
                                    },
                                    {
                                        "i": {"x": 0.833, "y": 0.833},
                                        "o": {"x": 0.167, "y": 0.167},
                                        "t": 1.25,
                                        "s": [
                                            {
                                                "i": [[0, 0], [-3.588, 1.016]],
                                                "o": [[4.102, -3.571], [5.092, -1.442]],
                                                "v": [
                                                    [-4.57, -10.144],
                                                    [5.12, -16.606],
                                                ],
                                                "c": false,
                                            }
                                        ],
                                    },
                                    {
                                        "i": {"x": 0.833, "y": 0.833},
                                        "o": {"x": 0.167, "y": 0.167},
                                        "t": 2.5,
                                        "s": [
                                            {
                                                "i": [[0, 0], [-2.213, 1.516]],
                                                "o": [[2.102, -1.821], [4.366, -2.991]],
                                                "v": [
                                                    [0.18, -10.144],
                                                    [5.995, -14.856],
                                                ],
                                                "c": false,
                                            }
                                        ],
                                    },
                                    {
                                        "i": {"x": 0.833, "y": 0.833},
                                        "o": {"x": 0.167, "y": 0.167},
                                        "t": 3.75,
                                        "s": [
                                            {
                                                "i": [[0, 0], [-1.812, 1.977]],
                                                "o": [[0.102, -1.196], [2.162, -2.359]],
                                                "v": [[4.93, -10.894], [5.62, -11.856]],
                                                "c": false,
                                            }
                                        ],
                                    },
                                    {
                                        "i": {"x": 0.833, "y": 0.833},
                                        "o": {"x": 0.167, "y": 0.167},
                                        "t": 5,
                                        "s": [
                                            {
                                                "i": [[0, 0], [-1.812, 1.977]],
                                                "o": [[1.227, -1.696], [2.162, -2.359]],
                                                "v": [[5.93, -7.269], [6.37, -7.856]],
                                                "c": false,
                                            }
                                        ],
                                    },
                                    {
                                        "i": {"x": 0.833, "y": 0.833},
                                        "o": {"x": 0.167, "y": 0.167},
                                        "t": 6.25,
                                        "s": [
                                            {
                                                "i": [[0, 0], [-0.287, -0.516]],
                                                "o": [[0.977, 1.054], [0.287, 0.516]],
                                                "v": [
                                                    [-27.32, -10.644],
                                                    [-26.13, -9.606],
                                                ],
                                                "c": false,
                                            }
                                        ],
                                    },
                                    {
                                        "i": {"x": 0.833, "y": 0.833},
                                        "o": {"x": 0.167, "y": 0.167},
                                        "t": 7.5,
                                        "s": [
                                            {
                                                "i": [[0, 0], [-1.338, -1.359]],
                                                "o": [[0.977, 0.804], [1.502, 1.526]],
                                                "v": [
                                                    [-26.82, -13.394],
                                                    [-23.755, -10.606],
                                                ],
                                                "c": false,
                                            }
                                        ],
                                    },
                                    {
                                        "i": {"x": 0.833, "y": 0.833},
                                        "o": {"x": 0.167, "y": 0.167},
                                        "t": 8.75,
                                        "s": [
                                            {
                                                "i": [[0, 0], [-1.338, -1.359]],
                                                "o": [[2.271, 1.054], [1.502, 1.526]],
                                                "v": [
                                                    [-26.864, -15.269],
                                                    [-21.005, -10.856],
                                                ],
                                                "c": false,
                                            }
                                        ],
                                    },
                                    {
                                        "i": {"x": 0.833, "y": 0.833},
                                        "o": {"x": 0.167, "y": 0.167},
                                        "t": 10,
                                        "s": [
                                            {
                                                "i": [[0, 0], [-1.338, -1.359]],
                                                "o": [[2.771, 1.304], [1.502, 1.526]],
                                                "v": [
                                                    [-26.989, -16.769],
                                                    [-17.505, -10.106],
                                                ],
                                                "c": false,
                                            }
                                        ],
                                    },
                                    {
                                        "i": {"x": 0.833, "y": 0.833},
                                        "o": {"x": 0.167, "y": 0.167},
                                        "t": 11.25,
                                        "s": [
                                            {
                                                "i": [[0, 0], [-2.463, -2.484]],
                                                "o": [[3.735, 1.554], [1.508, 1.521]],
                                                "v": [
                                                    [-26.952, -17.644],
                                                    [-16.13, -10.356],
                                                ],
                                                "c": false,
                                            }
                                        ],
                                    },
                                    {
                                        "i": {"x": 0.833, "y": 0.833},
                                        "o": {"x": 0.167, "y": 0.167},
                                        "t": 12.5,
                                        "s": [
                                            {
                                                "i": [[0, 0], [-2.463, -2.484]],
                                                "o": [[4.61, 1.114], [1.508, 1.521]],
                                                "v": [
                                                    [-26.827, -17.704],
                                                    [-15.13, -10.856],
                                                ],
                                                "c": false,
                                            }
                                        ],
                                    },
                                    {
                                        "i": {"x": 0.833, "y": 0.833},
                                        "o": {"x": 0.167, "y": 0.167},
                                        "t": 13.75,
                                        "s": [
                                            {
                                                "i": [[0, 0], [-2.463, -2.484]],
                                                "o": [[5.86, 0.614], [1.508, 1.521]],
                                                "v": [
                                                    [-26.827, -17.704],
                                                    [-14.38, -10.731],
                                                ],
                                                "c": false,
                                            }
                                        ],
                                    },
                                    {
                                        "t": 15,
                                        "s": [
                                            {
                                                "i": [[0, 0], [-2.463, -2.484]],
                                                "o": [[6.235, 0.239], [1.508, 1.521]],
                                                "v": [
                                                    [-27.077, -17.7],
                                                    [-14.13, -10.731],
                                                ],
                                                "c": false,
                                            }
                                        ],
                                    },
                                ],
                                "ix": 2,
                            },
                            "nm": "Path 1",
                            "mn": "ADBE Vector Shape - Group",
                            "hd": false,
                        },
                        {
                            "ty": "st",
                            "c": {
                                "a": 1,
                                "k": [
                                    {
                                        "i": {"x": [0.5], "y": [1]},
                                        "o": {"x": [0.167], "y": [-0.225]},
                                        "t": 0,
                                        "s": [
                                            0.729411764706,
                                            0.729411764706,
                                            0.729411764706,
                                            1,
                                        ],
                                    },
                                    {
                                        "t": 15,
                                        "s": [
                                            0.341176480055,
                                            0.709803938866,
                                            0.376470625401,
                                            1,
                                        ],
                                    },
                                ],
                                "ix": 3,
                            },
                            "o": {"a": 0, "k": 100, "ix": 4},
                            "w": {
                                "a": 1,
                                "k": [
                                    {
                                        "i": {"x": [0.5], "y": [1]},
                                        "o": {"x": [0.167], "y": [0.167]},
                                        "t": 0,
                                        "s": [2],
                                    },
                                    {"t": 15, "s": [4]},
                                ],
                                "ix": 5,
                            },
                            "lc": 1,
                            "lj": 1,
                            "ml": 10,
                            "bm": 0,
                            "nm": "Stroke 1",
                            "mn": "ADBE Vector Graphic - Stroke",
                            "hd": false,
                        },
                        {
                            "ty": "tr",
                            "p": {"a": 0, "k": [32.567, 22.881], "ix": 2},
                            "a": {"a": 0, "k": [0, 0], "ix": 1},
                            "s": {"a": 0, "k": [100, 100], "ix": 3},
                            "r": {"a": 0, "k": 0, "ix": 6},
                            "o": {"a": 0, "k": 100, "ix": 7},
                            "sk": {"a": 0, "k": 0, "ix": 4},
                            "sa": {"a": 0, "k": 0, "ix": 5},
                            "nm": "Transform",
                        },
                    ],
                    "nm": "Group 3",
                    "np": 2,
                    "cix": 2,
                    "bm": 0,
                    "ix": 3,
                    "mn": "ADBE Vector Group",
                    "hd": false,
                },
                {
                    "ty": "gr",
                    "it": [
                        {
                            "ind": 0,
                            "ty": "sh",
                            "ix": 1,
                            "ks": {
                                "a": 1,
                                "k": [
                                    {
                                        "i": {"x": 0.833, "y": 0.833},
                                        "o": {"x": 0.167, "y": 0.167},
                                        "t": 0,
                                        "s": [
                                            {
                                                "i": [
                                                    [0, 0],
                                                    [-2.405, 1.977],
                                                    [-2.473, 1.784],
                                                ],
                                                "o": [
                                                    [4.725, -0.005],
                                                    [2.405, -1.977],
                                                    [2.473, -1.784],
                                                ],
                                                "v": [
                                                    [-6.751, 18.384],
                                                    [2.569, 14.98],
                                                    [7.376, 10.913],
                                                ],
                                                "c": false,
                                            }
                                        ],
                                    },
                                    {
                                        "i": {"x": 0.833, "y": 0.833},
                                        "o": {"x": 0.167, "y": 0.167},
                                        "t": 1,
                                        "s": [
                                            {
                                                "i": [
                                                    [0, 0],
                                                    [-1.68, 1.202],
                                                    [-2.083, 1.921],
                                                ],
                                                "o": [
                                                    [4.333, -0.035],
                                                    [1.68, -1.202],
                                                    [2.087, -1.926],
                                                ],
                                                "v": [
                                                    [-5.484, 17.913],
                                                    [3.194, 15.706],
                                                    [8.943, 11.321],
                                                ],
                                                "c": false,
                                            }
                                        ],
                                    },
                                    {
                                        "i": {"x": 0.833, "y": 0.833},
                                        "o": {"x": 0.167, "y": 0.167},
                                        "t": 2.5,
                                        "s": [
                                            {
                                                "i": [
                                                    [0, 0],
                                                    [-3.617, 1.005],
                                                    [-1.805, 1.778],
                                                ],
                                                "o": [
                                                    [3.819, 1.255],
                                                    [3.617, -1.005],
                                                    [1.81, -1.783],
                                                ],
                                                "v": [
                                                    [-5.47, 16.499],
                                                    [4.982, 17.259],
                                                    [13.909, 11.283],
                                                ],
                                                "c": false,
                                            }
                                        ],
                                    },
                                    {
                                        "i": {"x": 0.833, "y": 0.833},
                                        "o": {"x": 0.167, "y": 0.167},
                                        "t": 3.75,
                                        "s": [
                                            {
                                                "i": [
                                                    [0, 0],
                                                    [-4.518, 0.49],
                                                    [-4.107, 4.37],
                                                ],
                                                "o": [
                                                    [3.045, 2.008],
                                                    [4.518, -0.49],
                                                    [1.566, -1.666],
                                                ],
                                                "v": [
                                                    [-5.571, 13.245],
                                                    [5.081, 17.744],
                                                    [19.081, 10.883],
                                                ],
                                                "c": false,
                                            }
                                        ],
                                    },
                                    {
                                        "i": {"x": 0.833, "y": 0.833},
                                        "o": {"x": 0.167, "y": 0.167},
                                        "t": 5,
                                        "s": [
                                            {
                                                "i": [
                                                    [0, 0],
                                                    [-4.602, -0.123],
                                                    [-4.626, 5.187],
                                                ],
                                                "o": [
                                                    [3.19, 2.748],
                                                    [4.602, 0.123],
                                                    [1.353, -1.517],
                                                ],
                                                "v": [
                                                    [-3.591, 11.13],
                                                    [9.496, 17.631],
                                                    [22.975, 10.817],
                                                ],
                                                "c": false,
                                            }
                                        ],
                                    },
                                    {
                                        "i": {"x": 0.833, "y": 0.833},
                                        "o": {"x": 0.167, "y": 0.167},
                                        "t": 6.25,
                                        "s": [
                                            {
                                                "i": [
                                                    [0, 0],
                                                    [-3.609, -0.938],
                                                    [-4.048, 4.538],
                                                ],
                                                "o": [
                                                    [3.476, 2.957],
                                                    [3.609, 0.938],
                                                    [1.184, -1.327],
                                                ],
                                                "v": [
                                                    [0.748, 11.422],
                                                    [10.99, 17.315],
                                                    [26.337, 11.407],
                                                ],
                                                "c": false,
                                            }
                                        ],
                                    },
                                    {
                                        "i": {"x": 0.833, "y": 0.833},
                                        "o": {"x": 0.167, "y": 0.167},
                                        "t": 7.5,
                                        "s": [
                                            {
                                                "i": [
                                                    [0, 0],
                                                    [-3.901, -0.861],
                                                    [-4.119, 3.167],
                                                ],
                                                "o": [
                                                    [3.368, 2.665],
                                                    [3.901, 0.861],
                                                    [1.209, -0.929],
                                                ],
                                                "v": [
                                                    [4.48, 11.463],
                                                    [12.948, 16.768],
                                                    [26.218, 14.212],
                                                ],
                                                "c": false,
                                            }
                                        ],
                                    },
                                    {
                                        "i": {"x": 0.833, "y": 0.833},
                                        "o": {"x": 0.167, "y": 0.167},
                                        "t": 8.75,
                                        "s": [
                                            {
                                                "i": [
                                                    [0, 0],
                                                    [-3.853, -1.251],
                                                    [-3.937, 2.092],
                                                ],
                                                "o": [
                                                    [3.574, 2.728],
                                                    [3.251, 0.718],
                                                    [1.122, -0.596],
                                                ],
                                                "v": [
                                                    [8.025, 12.151],
                                                    [15.822, 16.824],
                                                    [25.286, 16.037],
                                                ],
                                                "c": false,
                                            }
                                        ],
                                    },
                                    {
                                        "i": {"x": 0.833, "y": 0.833},
                                        "o": {"x": 0.167, "y": 0.167},
                                        "t": 10,
                                        "s": [
                                            {
                                                "i": [
                                                    [0, 0],
                                                    [-3.804, -1.642],
                                                    [-3.255, 1.092],
                                                ],
                                                "o": [
                                                    [2.754, 2.466],
                                                    [2.601, 0.574],
                                                    [0.964, -0.323],
                                                ],
                                                "v": [
                                                    [11.095, 12.163],
                                                    [16.996, 16.005],
                                                    [25.104, 16.787],
                                                ],
                                                "c": false,
                                            }
                                        ],
                                    },
                                    {
                                        "i": {"x": 0.833, "y": 0.833},
                                        "o": {"x": 0.167, "y": 0.167},
                                        "t": 11.25,
                                        "s": [
                                            {
                                                "i": [
                                                    [0, 0],
                                                    [-3.74, -2.098],
                                                    [-2.441, 0.819],
                                                ],
                                                "o": [
                                                    [2.184, 1.922],
                                                    [3.74, 2.098],
                                                    [0.723, -0.242],
                                                ],
                                                "v": [
                                                    [12.54, 12.082],
                                                    [16.608, 15.155],
                                                    [25.922, 17.225],
                                                ],
                                                "c": false,
                                            }
                                        ],
                                    },
                                    {
                                        "i": {"x": 0.833, "y": 0.833},
                                        "o": {"x": 0.167, "y": 0.167},
                                        "t": 12.5,
                                        "s": [
                                            {
                                                "i": [
                                                    [0, 0],
                                                    [-1.587, -1.323],
                                                    [-3.85, 0.342],
                                                ],
                                                "o": [
                                                    [1.739, 1.92],
                                                    [1.587, 1.323],
                                                    [0.506, -0.045],
                                                ],
                                                "v": [
                                                    [14.234, 11.834],
                                                    [17.262, 14.555],
                                                    [25.823, 17.162],
                                                ],
                                                "c": false,
                                            }
                                        ],
                                    },
                                    {
                                        "i": {"x": 0.833, "y": 0.833},
                                        "o": {"x": 0.167, "y": 0.167},
                                        "t": 13.75,
                                        "s": [
                                            {
                                                "i": [
                                                    [0, 0],
                                                    [-1.121, -0.548],
                                                    [-5.001, -0.096],
                                                ],
                                                "o": [
                                                    [1.982, 1.856],
                                                    [1.121, 0.548],
                                                    [0.254, 0.005],
                                                ],
                                                "v": [
                                                    [14.742, 12.023],
                                                    [19.103, 15.08],
                                                    [25.975, 16.975],
                                                ],
                                                "c": false,
                                            }
                                        ],
                                    },
                                    {
                                        "t": 15,
                                        "s": [
                                            {
                                                "i": [
                                                    [0, 0],
                                                    [-1.621, -0.923],
                                                    [-3.501, 0.029],
                                                ],
                                                "o": [
                                                    [1.982, 1.856],
                                                    [1.621, 0.923],
                                                    [0.254, -0.002],
                                                ],
                                                "v": [
                                                    [14.867, 12.273],
                                                    [19.978, 15.83],
                                                    [25.975, 16.975],
                                                ],
                                                "c": false,
                                            }
                                        ],
                                    },
                                ],
                                "ix": 2,
                            },
                            "nm": "Path 1",
                            "mn": "ADBE Vector Shape - Group",
                            "hd": false,
                        },
                        {
                            "ty": "st",
                            "c": {
                                "a": 1,
                                "k": [
                                    {
                                        "i": {"x": [0.5], "y": [1]},
                                        "o": {"x": [0.167], "y": [-0.225]},
                                        "t": 0,
                                        "s": [
                                            0.729411764706,
                                            0.729411764706,
                                            0.729411764706,
                                            1,
                                        ],
                                    },
                                    {
                                        "t": 15,
                                        "s": [
                                            0.341176480055,
                                            0.709803938866,
                                            0.376470625401,
                                            1,
                                        ],
                                    },
                                ],
                                "ix": 3,
                            },
                            "o": {"a": 0, "k": 100, "ix": 4},
                            "w": {
                                "a": 1,
                                "k": [
                                    {
                                        "i": {"x": [0.5], "y": [1]},
                                        "o": {"x": [0.167], "y": [0.167]},
                                        "t": 0,
                                        "s": [2],
                                    },
                                    {"t": 15, "s": [4]},
                                ],
                                "ix": 5,
                            },
                            "lc": 1,
                            "lj": 1,
                            "ml": 10,
                            "bm": 0,
                            "nm": "Stroke 1",
                            "mn": "ADBE Vector Graphic - Stroke",
                            "hd": false,
                        },
                        {
                            "ty": "tr",
                            "p": {"a": 0, "k": [11.876, 8.538], "ix": 2},
                            "a": {"a": 0, "k": [0, 0], "ix": 1},
                            "s": {"a": 0, "k": [100, 100], "ix": 3},
                            "r": {"a": 0, "k": 0, "ix": 6},
                            "o": {"a": 0, "k": 100, "ix": 7},
                            "sk": {"a": 0, "k": 0, "ix": 4},
                            "sa": {"a": 0, "k": 0, "ix": 5},
                            "nm": "Transform",
                        },
                    ],
                    "nm": "Group 1",
                    "np": 2,
                    "cix": 2,
                    "bm": 0,
                    "ix": 4,
                    "mn": "ADBE Vector Group",
                    "hd": false,
                },
                {
                    "ty": "gr",
                    "it": [
                        {
                            "ind": 0,
                            "ty": "sh",
                            "ix": 1,
                            "ks": {
                                "a": 1,
                                "k": [
                                    {
                                        "i": {"x": 0.833, "y": 0.833},
                                        "o": {"x": 0.167, "y": 0.167},
                                        "t": 0,
                                        "s": [
                                            {
                                                "i": [
                                                    [0, 0],
                                                    [-3.773, -3.827],
                                                    [-8.036, -0.145],
                                                ],
                                                "o": [
                                                    [8.569, -0.421],
                                                    [3.773, 3.827],
                                                    [0, 0],
                                                ],
                                                "v": [
                                                    [-16.465, -11.05],
                                                    [0.831, -0.422],
                                                    [16.765, 9.925],
                                                ],
                                                "c": false,
                                            }
                                        ],
                                    },
                                    {
                                        "i": {"x": 0.833, "y": 0.833},
                                        "o": {"x": 0.167, "y": 0.167},
                                        "t": 1.25,
                                        "s": [
                                            {
                                                "i": [
                                                    [-7.057, 1.36],
                                                    [-4.292, -4.514],
                                                    [-6.552, -3.707],
                                                ],
                                                "o": [
                                                    [7.534, -1.452],
                                                    [4.292, 4.514],
                                                    [0, 0],
                                                ],
                                                "v": [
                                                    [-15.93, -10.768],
                                                    [2.063, -1.86],
                                                    [16.782, 9.987],
                                                ],
                                                "c": false,
                                            }
                                        ],
                                    },
                                    {
                                        "i": {"x": 0.833, "y": 0.833},
                                        "o": {"x": 0.167, "y": 0.167},
                                        "t": 2.5,
                                        "s": [
                                            {
                                                "i": [
                                                    [0, 0],
                                                    [-4.712, -4.031],
                                                    [-5.791, -3.736],
                                                ],
                                                "o": [
                                                    [7.066, -4.654],
                                                    [4.712, 4.031],
                                                    [0, 0],
                                                ],
                                                "v": [
                                                    [-16.587, -8.317],
                                                    [0.518, -7.627],
                                                    [16.77, 6.64],
                                                ],
                                                "c": false,
                                            }
                                        ],
                                    },
                                    {
                                        "i": {"x": 0.833, "y": 0.833},
                                        "o": {"x": 0.167, "y": 0.167},
                                        "t": 3.75,
                                        "s": [
                                            {
                                                "i": [
                                                    [0, 0],
                                                    [-6.081, -2.362],
                                                    [-5.503, -5.689],
                                                ],
                                                "o": [
                                                    [6.111, -5.893],
                                                    [5.531, 2.148],
                                                    [0, 0],
                                                ],
                                                "v": [
                                                    [-16.199, -4.952],
                                                    [1.199, -9.994],
                                                    [16.857, 3.469],
                                                ],
                                                "c": false,
                                            }
                                        ],
                                    },
                                    {
                                        "i": {"x": 0.833, "y": 0.833},
                                        "o": {"x": 0.167, "y": 0.167},
                                        "t": 5,
                                        "s": [
                                            {
                                                "i": [
                                                    [0, 0],
                                                    [-4.891, 0.207],
                                                    [-4.667, -4.642],
                                                ],
                                                "o": [
                                                    [5.026, -6.438],
                                                    [4.891, -0.207],
                                                    [0, 0],
                                                ],
                                                "v": [
                                                    [-16.943, 0.342],
                                                    [0.339, -11.013],
                                                    [15.944, -2.078],
                                                ],
                                                "c": false,
                                            }
                                        ],
                                    },
                                    {
                                        "i": {"x": 0.833, "y": 0.833},
                                        "o": {"x": 0.167, "y": 0.167},
                                        "t": 6.25,
                                        "s": [
                                            {
                                                "i": [
                                                    [-4.798, 5.083],
                                                    [-4.727, 1.873],
                                                    [-4.364, -4.315],
                                                ],
                                                "o": [
                                                    [5.248, -5.561],
                                                    [4.376, -1.734],
                                                    [0, 0],
                                                ],
                                                "v": [
                                                    [-16.268, 3.34],
                                                    [0.603, -10.361],
                                                    [15.963, -5.906],
                                                ],
                                                "c": false,
                                            }
                                        ],
                                    },
                                    {
                                        "i": {"x": 0.833, "y": 0.833},
                                        "o": {"x": 0.167, "y": 0.167},
                                        "t": 7.5,
                                        "s": [
                                            {
                                                "i": [
                                                    [-7.121, 5.429],
                                                    [-3.69, 3.504],
                                                    [-5.522, -4.165],
                                                ],
                                                "o": [
                                                    [6.869, -5.237],
                                                    [3.754, -3.564],
                                                    [0, 0],
                                                ],
                                                "v": [
                                                    [-16.264, 6.017],
                                                    [-2.024, -6.906],
                                                    [16.127, -8.68],
                                                ],
                                                "c": false,
                                            }
                                        ],
                                    },
                                    {
                                        "i": {"x": 0.833, "y": 0.833},
                                        "o": {"x": 0.167, "y": 0.167},
                                        "t": 8.75,
                                        "s": [
                                            {
                                                "i": [
                                                    [0, 0],
                                                    [-3.635, 3.103],
                                                    [-5.316, -3.808],
                                                ],
                                                "o": [
                                                    [9.142, -5.83],
                                                    [3.635, -3.103],
                                                    [0, 0],
                                                ],
                                                "v": [
                                                    [-16.163, 7.86],
                                                    [0.345, -6.367],
                                                    [16.171, -9.537],
                                                ],
                                                "c": false,
                                            }
                                        ],
                                    },
                                    {
                                        "i": {"x": 0.833, "y": 0.833},
                                        "o": {"x": 0.167, "y": 0.167},
                                        "t": 10,
                                        "s": [
                                            {
                                                "i": [
                                                    [0, 0],
                                                    [-4.052, 4.852],
                                                    [-5.485, -0.6],
                                                ],
                                                "o": [
                                                    [8.141, -2.748],
                                                    [3.961, -4.742],
                                                    [0, 0],
                                                ],
                                                "v": [
                                                    [-16.161, 8.903],
                                                    [1.938, -5.853],
                                                    [16.205, -10.745],
                                                ],
                                                "c": false,
                                            }
                                        ],
                                    },
                                    {
                                        "i": {"x": 0.833, "y": 0.833},
                                        "o": {"x": 0.167, "y": 0.167},
                                        "t": 11.25,
                                        "s": [
                                            {
                                                "i": [
                                                    [0, 0],
                                                    [-3.958, 4.668],
                                                    [-6.313, -0.236],
                                                ],
                                                "o": [
                                                    [7.639, -0.854],
                                                    [4.351, -5.131],
                                                    [0, 0],
                                                ],
                                                "v": [
                                                    [-16.293, 9.259],
                                                    [1.532, -3.339],
                                                    [16.043, -10.984],
                                                ],
                                                "c": false,
                                            }
                                        ],
                                    },
                                    {
                                        "i": {"x": 0.833, "y": 0.833},
                                        "o": {"x": 0.167, "y": 0.167},
                                        "t": 12.5,
                                        "s": [
                                            {
                                                "i": [
                                                    [0, 0],
                                                    [-3.204, 3.969],
                                                    [-4.74, 0.378],
                                                ],
                                                "o": [
                                                    [10.991, -0.293],
                                                    [2.909, -3.604],
                                                    [0, 0],
                                                ],
                                                "v": [
                                                    [-16.371, 9.198],
                                                    [2.667, -3.617],
                                                    [16.214, -11.098],
                                                ],
                                                "c": false,
                                            }
                                        ],
                                    },
                                    {
                                        "i": {"x": 0.833, "y": 0.833},
                                        "o": {"x": 0.167, "y": 0.167},
                                        "t": 13.75,
                                        "s": [
                                            {
                                                "i": [
                                                    [0, 0],
                                                    [-3.552, 5.013],
                                                    [-5.815, 0.741],
                                                ],
                                                "o": [
                                                    [7.835, -1.294],
                                                    [3.552, -5.013],
                                                    [0, 0],
                                                ],
                                                "v": [
                                                    [-16.238, 10.082],
                                                    [1.552, -1.582],
                                                    [16.365, -10.962],
                                                ],
                                                "c": false,
                                            }
                                        ],
                                    },
                                    {
                                        "t": 15,
                                        "s": [
                                            {
                                                "i": [
                                                    [0, 0],
                                                    [-3.102, 3.836],
                                                    [-5.687, -0.453],
                                                ],
                                                "o": [
                                                    [8.13, 0.422],
                                                    [3.273, -4.048],
                                                    [0, 0],
                                                ],
                                                "v": [
                                                    [-16.275, 10.358],
                                                    [1.28, -0.89],
                                                    [17.027, -10.627],
                                                ],
                                                "c": false,
                                            }
                                        ],
                                    },
                                ],
                                "ix": 2,
                            },
                            "nm": "Path 1",
                            "mn": "ADBE Vector Shape - Group",
                            "hd": false,
                        },
                        {
                            "ty": "st",
                            "c": {
                                "a": 1,
                                "k": [
                                    {
                                        "i": {"x": [0.833], "y": [0.833]},
                                        "o": {"x": [0.167], "y": [0.167]},
                                        "t": 0,
                                        "s": [
                                            0.729411764706,
                                            0.729411764706,
                                            0.729411764706,
                                            1,
                                        ],
                                    },
                                    {
                                        "t": 15,
                                        "s": [
                                            0.341176480055,
                                            0.709803938866,
                                            0.376470625401,
                                            1,
                                        ],
                                    },
                                ],
                                "ix": 3,
                            },
                            "o": {"a": 0, "k": 100, "ix": 4},
                            "w": {
                                "a": 1,
                                "k": [
                                    {
                                        "i": {"x": [0.5], "y": [1]},
                                        "o": {"x": [0.167], "y": [0.167]},
                                        "t": 0,
                                        "s": [2],
                                    },
                                    {"t": 15, "s": [4]},
                                ],
                                "ix": 5,
                            },
                            "lc": 1,
                            "lj": 1,
                            "ml": 10,
                            "bm": 0,
                            "nm": "Stroke 1",
                            "mn": "ADBE Vector Graphic - Stroke",
                            "hd": false,
                        },
                        {
                            "ty": "tr",
                            "p": {"a": 0, "k": [21.62, 16.386], "ix": 2},
                            "a": {"a": 0, "k": [0, 0], "ix": 1},
                            "s": {"a": 0, "k": [100, 100], "ix": 3},
                            "r": {"a": 0, "k": 0, "ix": 6},
                            "o": {"a": 0, "k": 100, "ix": 7},
                            "sk": {"a": 0, "k": 0, "ix": 4},
                            "sa": {"a": 0, "k": 0, "ix": 5},
                            "nm": "Transform",
                        },
                    ],
                    "nm": "Group 5",
                    "np": 2,
                    "cix": 2,
                    "bm": 0,
                    "ix": 5,
                    "mn": "ADBE Vector Group",
                    "hd": false,
                },
            ],
            "ip": 0,
            "op": 23,
            "st": 0,
            "bm": 0,
        },
        {
            "ddd": 0,
            "ind": 2,
            "ty": 4,
            "nm": "Shuffle Status Outlines",
            "sr": 1,
            "ks": {
                "o": {
                    "a": 1,
                    "k": [
                        {
                            "i": {"x": [0.5], "y": [1]},
                            "o": {"x": [0.167], "y": [0.167]},
                            "t": 0,
                            "s": [0],
                        },
                        {"t": 15, "s": [100]},
                    ],
                    "ix": 11,
                },
                "r": {"a": 0, "k": 0, "ix": 10},
                "p": {"a": 0, "k": [33.545, 60.25, 0], "ix": 2, "l": 2},
                "a": {"a": 0, "k": [5.25, 5.25, 0], "ix": 1, "l": 2},
                "s": {
                    "a": 1,
                    "k": [
                        {
                            "i": {"x": [0.5, 0.5, 0.667], "y": [1, 1, 1]},
                            "o": {
                                "x": [0.167, 0.167, 0.167],
                                "y": [0.167, 0.167, 16.667],
                            },
                            "t": 0,
                            "s": [0, 0, 100],
                        },
                        {"t": 6.25, "s": [100, 100, 100]},
                    ],
                    "ix": 6,
                    "l": 2,
                },
            },
            "ao": 0,
            "shapes": [
                {
                    "ty": "gr",
                    "it": [
                        {
                            "ind": 0,
                            "ty": "sh",
                            "ix": 1,
                            "ks": {
                                "a": 0,
                                "k": {
                                    "i": [
                                        [-2.762, 0],
                                        [0, -2.761],
                                        [2.761, 0],
                                        [0, 2.762],
                                    ],
                                    "o": [
                                        [2.761, 0],
                                        [0, 2.762],
                                        [-2.762, 0],
                                        [0, -2.761],
                                    ],
                                    "v": [[0, -5], [5, 0], [0, 5], [-5, 0]],
                                    "c": true,
                                },
                                "ix": 2,
                            },
                            "nm": "Path 1",
                            "mn": "ADBE Vector Shape - Group",
                            "hd": false,
                        },
                        {
                            "ty": "mm",
                            "mm": 4,
                            "nm": "Merge Paths 1",
                            "mn": "ADBE Vector Filter - Merge",
                            "hd": false,
                        },
                        {
                            "ty": "fl",
                            "c": {
                                "a": 0,
                                "k": [
                                    0.5137254901960784,
                                    0.49019607843137253,
                                    0.49019607843137253,
                                    1,
                                ],
                                "ix": 4,
                            },
                            "o": {"a": 0, "k": 100, "ix": 5},
                            "r": 1,
                            "bm": 0,
                            "nm": "Fill 1",
                            "mn": "ADBE Vector Graphic - Fill",
                            "hd": false,
                        },
                        {
                            "ty": "tr",
                            "p": {"a": 0, "k": [5.25, 5.25], "ix": 2},
                            "a": {"a": 0, "k": [0, 0], "ix": 1},
                            "s": {"a": 0, "k": [100, 100], "ix": 3},
                            "r": {"a": 0, "k": 0, "ix": 6},
                            "o": {"a": 0, "k": 100, "ix": 7},
                            "sk": {"a": 0, "k": 0, "ix": 4},
                            "sa": {"a": 0, "k": 0, "ix": 5},
                            "nm": "Transform",
                        },
                    ],
                    "nm": "Group 1",
                    "np": 3,
                    "cix": 2,
                    "bm": 0,
                    "ix": 1,
                    "mn": "ADBE Vector Group",
                    "hd": false,
                }
            ],
            "ip": 23,
            "op": 23,
            "st": 0,
            "bm": 0,
            "hidden": 0,
        },
    ],
    "markers": [],
}
